reference;date;moyen;montant
VTE-MSVQ6W5I;16/08/2026 11:32:38;Espèces;10200
VTE-MSX4XKL8;17/08/2026 11:13:04;Espèces;2000
VTE-MSVNES96;16/08/2026 10:14:47;Espèces;5000
VTE-MSVQAEW2;16/08/2026 11:35:22;Espèces;7000
VTE-MSVO0LDI;16/08/2026 10:31:45;Espèces;4200
VTE-MSVUI2EU;16/08/2026 13:33:18;Espèces;5400
VTE-MSVODH6N;16/08/2026 10:41:46;Espèces;1200
VTE-MSVV0L9O;16/08/2026 13:47:42;Espèces;5400
VTE-MSVP2NGA;16/08/2026 11:01:21;Espèces;4200
VTE-MSVV443R;16/08/2026 13:50:27;Espèces;5500
VTE-MSVP3DUO;16/08/2026 11:01:55;Espèces;1200
VTE-MSW54VMF;16/08/2026 18:30:58;Espèces;5400
VTE-MSVPBLIR;16/08/2026 11:08:18;Espèces;900
VTE-MSW5ENPV;16/08/2026 18:38:35;Espèces;1000
VTE-MSVPCPE2;16/08/2026 11:09:10;Espèces;1000
VTE-MSW5N2I7;16/08/2026 18:45:07;Espèces;5000
VTE-MSVPGLIC;16/08/2026 11:12:11;Espèces;5000
VTE-MSX4RSOZ;17/08/2026 11:08:34;Espèces;5000
VTE-MSVQ0PWX;16/08/2026 11:27:50;Espèces;1200
VTE-MSX4UVS5;17/08/2026 11:10:58;Espèces;4000
421e1c9b-e7ea-4630-b6c3-c54b6f3f72e5;;Espèces;500
df598e17-6597-4e65-9687-4502d4820569;;Espèces;6800
8d96b7e6-335d-4d6f-8440-68f88dfe0469;;Espèces;18450
4902bbf6-1e85-4721-b501-f1befcb17311;;Espèces;500
ceaa9238-75ad-4fc4-986f-d74b80bfed68;;Espèces;500
72092ae4-9594-4bc0-8359-97423dcf2da5;;Espèces;500
c214acae-9d18-4764-ad09-46cd86b32533;;Espèces;500
1faaecfb-6d4f-4e29-b82b-0f30291ffa9e;;Espèces;500
3e982a91-c7f4-42ef-8f91-0d2b6d10b922;;Espèces;2500
2da295ef-6daf-43c8-9f25-f0b5c396b91d;;Espèces;10000
bbe284f4-fd21-4c70-9f60-34882a1f00af;;Espèces;3000
4cfd4e6b-67cf-4aa5-8a57-23b97749b7f6;;Espèces;3000
b76dae06-716f-4cfa-a0f5-a2aad8dcb95b;;Espèces;19750
828b7ddc-c198-4f4f-89f8-b6be74bbc8e3;;Espèces;2000
37f475bf-6ef7-46cb-af01-13ce97db0f7f;;Mobile Money;2500
93c2dfe1-3657-477d-b708-26d0bb640c0a;;Espèces;1000
a0619f0a-db68-432a-a1ca-a09febc61b8d;;Espèces;13000
c3834337-9d67-4ccb-a068-b0c2d6d9d2a1;;Espèces;19500
58d81aec-1c8b-4f05-8701-418be15d0cc4;;Espèces;12700
79aa61f4-b967-4545-9cbd-f280d9fd5392;;Espèces;2000
173b7f44-70bf-4602-8530-2a7063aeae01;;Espèces;1800
75c1ec1e-a908-4127-8a9c-299ad8bc1c76;;Espèces;1850
97d99737-02e6-485d-971e-1a05a92a5bb5;;Espèces;2500
6ae7ce97-98b5-4c56-8b4d-ad71e117594b;;Espèces;200
c29f70b7-5982-4f81-95f2-5c3f192552d4;;Espèces;4600
7576421a-71f2-4d2f-a51f-718e95bf895a;;Espèces;39150
fd862d9d-095d-4060-9071-b9273b027885;;Espèces;6000
9084c103-a7b3-44a2-8a30-7ea36e324bf6;;Espèces;12050
8c383dd9-bf86-41b4-8cfd-1ff28f294c3f;;Espèces;1000
948c31f9-65a0-4c85-a1bb-321be41b5e21;;Espèces;10400
8dfd8600-8372-4f38-a79b-2b276f3acf35;;Espèces;1000
c66b1480-21c4-4b29-9f37-592c8f29b54d;;Mobile Money;500
a84e6384-ae5b-4b58-8ea1-1cb1c21ac89d;;Espèces;6000
440c9b23-dbfa-41b3-89af-5478430b8c7b;;Espèces;4300
14525245-705b-4fb9-965c-cb28b77c3efc;;Mobile Money;500
46654e15-62e8-433e-8c00-a8a91c0118db;;Espèces;8050
001ff6da-9e1a-4a8a-8c61-f34fa5b1a90e;;Espèces;6675
5d852c48-9480-4434-888a-0e10567015b8;;Espèces;100
8cb48b4d-5ce2-4e84-bfe6-271feb25bc1d;;Espèces;100
b96860a5-fe3b-41c1-93f6-faa814ecdac8;;Espèces;7100
564f0edc-1e1b-41eb-bb83-a9547586cd51;;Espèces;300
c069b549-9462-46e7-8775-89abb60a6abb;;Espèces;18600
293b8b22-a6b4-4604-be5d-46e0bcd85d9a;;Mobile Money;1700
829b4969-bd22-4f51-bdce-71b76b71d9d9;;Espèces;7000
a948ea53-4ba9-488b-a8ef-07711b70b09f;;Espèces;200
c7de655a-3100-4bc6-abfd-85472c136522;;Mobile Money;700
a4189155-f2e1-417c-8f53-4709faff05b8;;Espèces;15000
ff231a90-3249-414a-b729-a094693d9257;;Espèces;2200
af06838d-db9a-4fcb-8c78-656c0c55c859;;Espèces;16000
eb4105df-5daa-4d7a-b682-550daf84211b;;Espèces;500
1220dd30-28d3-4f43-8716-171c6268deea;;Espèces;3600
935c4e95-7962-473b-9f7e-50b11c4c2071;;Espèces;14200
44b3b96b-d27a-4120-8a6b-460f87b0dee1;;Espèces;800
4ac9b819-4e71-4a73-b632-a902e379b7b2;;Espèces;44550
60acfad9-5b57-475d-b278-65296e504121;;Espèces;300
43e3895b-6c97-47f0-9107-d9d0a61c4ac7;;Espèces;9000
ce180881-db67-4ab2-bf43-95714506f25f;;Espèces;21000
1ef6d210-048f-45f4-beb0-6c2b3e5b1036;;Espèces;31900
e1f40fd9-4a3d-4c2c-a3ca-8085367475a5;;Espèces;500
f7d947c4-fea3-4a28-bd14-0f89cd166226;;Espèces;9750
fafe95cc-255f-4c43-9d68-960e1c8bd38d;;Espèces;500
0f5762a1-61b4-4f59-af32-30861644e6d8;;Espèces;500
77535465-f627-487b-bf5d-30719fd5f760;;Espèces;6000
c7cccb36-5edf-453f-9781-0fd1ec46f870;;Espèces;200
8f7b9132-94b8-46f6-b721-6d542d6cb796;;Espèces;3300
6a5eda43-54d4-4c90-b5a2-4ccaa7cc63a2;;Espèces;100
cfc2f8f0-f6a5-4c48-b9ea-4e83ccd53388;;Espèces;9450
d5d857f2-eee1-4310-922d-4c14cc5bfaa3;;Espèces;11200
07347b1a-d3d5-4de8-a5fd-150f93f50880;;Mobile Money;2000
85aa1aac-1681-40d3-84d9-a6172b5b1dc6;;Espèces;15450
0829500e-eb46-466e-bc93-e5306010cd94;;Espèces;165000
814fdfe7-94f3-48bb-9c3a-92dffb5802ea;;Espèces;800
55e0d4b0-01c6-4dac-a75f-5bfa76ab9a4b;;Mobile Money;2500
1e95945c-b8f6-4526-9826-f3e1dad3b4e3;;Espèces;7500
dbaf10b5-51f5-452b-840f-422cea8fdfec;;Espèces;5000
8ffe131d-6413-4b26-98f1-64c0ce099c6e;;Mobile Money;8800
09507a73-16f6-4c29-88a6-eddd878596d2;;Mobile Money;3500
104ae770-65b5-45e0-a1e4-66575d5a3d5e;;Mobile Money;3000
802dd99d-c189-4b8e-99cc-7f14f746e059;;Espèces;16000
dbefd2b9-dd02-420a-9e31-f190f3f565dd;;Espèces;200
885f626d-87f8-45fe-bc93-26cf8b2d3728;;Espèces;31800
d1a45411-a268-4568-ba9b-3d506d8f974a;;Espèces;34850
4f061a88-70fd-43ba-8c06-94626e260631;;Espèces;61700
02e8931c-34c2-4b3c-8496-7366a3eeb0a3;;Espèces;9300
1678d850-fa1a-49ba-a725-b2f00ae34450;;Espèces;3000
3aa38a79-6ae2-4ea9-b98b-48395a937d36;;Espèces;1500
efcbcd9c-cdb7-4f35-9769-f93e80d7b908;;Espèces;1500
fb2a5f1f-4891-4dd1-8e05-aba8c6cdf250;;Espèces;9750
b6097996-1966-4c64-b896-714314391730;;Espèces;14100
29e7dc22-f990-4c2a-a2f6-3470c64321e1;;Espèces;13450
9f919e74-4e73-42a5-ab82-93527ac89811;;Espèces;1500
472fcacb-6304-4d0d-9047-c17b1fb84ccc;;Mobile Money;3500
f9c29873-227f-4833-85c0-e3d69b5ce838;;Mobile Money;2000
59d80d69-fa7b-4546-950f-afc255551495;;Espèces;16950
4529ff42-1c6c-4592-a605-0fd51d24153a;;Espèces;1200
5cab1335-1351-4976-8257-21a5e8c1da22;;Espèces;8650
f6a445fa-8360-4818-a6c8-037bebd54081;;Espèces;50250
51118f0f-6464-438a-b63a-6eba24759c07;;Espèces;17300
f9ec3682-7242-4c46-89b0-1fe34bd4c398;;Espèces;200
78ebb947-56f1-44e2-a6fc-0c445ae8fb88;;Espèces;31100
d5c8c5f9-361c-4f10-8baf-cdf3c6a8562f;;Mobile Money;3500
e67b5c10-2cb3-416c-82b1-aa5334f49cf5;;Espèces;300
6f19e3c9-e214-4547-915f-5fa2e8e97513;;Espèces;13300
eaac1601-db0b-49e6-b4aa-4ce2ae8fe85e;;Espèces;1800
c5d34abe-9e57-4e59-9b64-ae7c75cf3581;;Espèces;5900
08d666ca-0afb-42bb-ac29-6f26716d5e95;;Espèces;1000
9cf5f268-0520-4a89-985b-2f3eebc6c51c;;Espèces;12000
d053a07c-b9ef-4f35-a06e-bef7b666bd8f;;Espèces;1600
53635dd8-3d7d-42da-b1a5-7b5dfc24c360;;Espèces;2150
11498f1f-35cc-4be1-9263-04ba25b17661;;Espèces;1800
95205798-5f37-40f5-a99c-9c5597c1f1a1;;Espèces;5975
a0847cc0-dfc7-438a-ad8d-2ff9e2e03c72;;Espèces;7125
bf3afdd3-d390-4852-971c-3fdba8f2d8c5;;Espèces;1000
60ab0277-7e23-4678-b3a1-cb16e37e312e;;Espèces;30020
822ab293-a7b0-4a2d-976e-17d129879ca3;;Espèces;1300
608d66f3-7466-4b9e-8688-b3a133f5336b;;Espèces;18050
822cf354-fb88-4797-905c-599e890f64c4;;Mobile Money;3000
b8c5bcb4-a9c0-4768-8dd4-3f8aa456db7a;;Espèces;3000
a34e7cd2-4910-43d5-81ae-15f5d3653da2;;Espèces;8000
5db3f4bd-71ce-409a-9b0b-7a911aa1c8f6;;Espèces;13000
1ae28cc4-5f5d-45e5-b75a-e7343b6265cf;;Espèces;3000
efc59d19-85ee-4cb4-8290-e919e7225821;;Mobile Money;15150
ea8bf57e-a3c5-4066-9fd0-58ed237e9091;;Espèces;3950
8c919617-ba88-4f8c-8dbc-a74993ad1101;;Espèces;2000
0c023d42-e39a-49d1-82e5-d523d4d40c29;;Espèces;1600
f6b0bf1c-ee12-419b-88f9-9704433f197f;;Espèces;300
3996125e-7d3c-4fc0-8ca5-062b4b5fb12f;;Mobile Money;3975
7d327e6c-55fc-46d2-95b1-ec66ce0421dd;;Espèces;1800
eb2bad7b-f602-4b7c-b1e4-04b47021f514;;Espèces;11720
00abe70a-4ec7-4946-9cc4-6795bd7cf70e;;Espèces;6700
bcf8c3a2-9468-4fbf-81f8-1f8cf6758ca1;;Espèces;2500
aea1c832-3f7e-49f7-8de4-885f1d62299e;;Espèces;100
9edf591d-54cd-4a62-a82f-f6e0266f94e7;;Mobile Money;1900
dde09845-e3d5-4fd7-adae-dab210cb7993;;Mobile Money;6000
c9b93016-b350-4853-9b8b-ea30191e5978;;Espèces;1700
c2659480-2d62-4d28-996e-7ca93287526d;;Espèces;500
06f121f8-d304-4a38-b124-ac1eee2bdd0a;;Espèces;1500
8d466f6c-e04e-4a43-8063-5a7d09da507f;;Espèces;15350
85b9c496-8ead-4ae5-b15f-0dbac267180c;;Espèces;900
71bfd94d-6a59-49dc-ae39-e18deae0d8f8;;Espèces;4800
0554041f-ae5e-49ce-9f37-c5763c477377;;Espèces;7500
f20fbdae-42d8-481d-8ab5-5199c42e19c2;;Espèces;5275
02b611fe-6ef6-40d7-b6e1-c99122ef0a43;;Espèces;11800
5e1ed986-576f-451a-a264-2497d2898a8b;;Espèces;17050
555fcabb-d760-4f9d-ab81-7d6e2dc31de3;;Espèces;2500
dd4ac7b2-e6fe-4f1a-ac85-68ffcb38aa34;;Espèces;17875
05de1b7b-30ac-4d73-9b5c-29521ed765fb;;Espèces;1000
741c04ad-52cb-4646-a057-54a64a7f6f8f;;Espèces;400
5b5fe186-358d-45cb-aa64-3723b903bfa4;;Espèces;200
13c82053-48e3-42ac-a1da-5fd693df10f4;;Espèces;20500
0606a62e-8ba3-4df9-b6b3-d0c159909541;;Espèces;5700
f4a19c96-5c7b-4192-b7f0-58321884d89c;;Espèces;13500
d20fe1b0-2428-43bc-af0e-c704af357854;;Mobile Money;1500
9ff85999-e3d6-4ac4-989d-f80ab31ddd8c;;Espèces;5500
3a0ccc5a-9cb6-493a-ad4d-676e9ac67e1e;;Espèces;16450
06cc3d4c-478a-4abb-82b0-4e6879c6850b;;Espèces;500
9020b5b3-aee1-49c2-bf1c-30ae6d467f4b;;Mobile Money;13500
683e73a6-9d61-4c74-88e8-ed0be8a0505e;;Espèces;11500
c3191aa3-c36c-43eb-bfde-77f02173ebe9;;Espèces;1700
8b7ab60b-8f94-455f-b4be-03c52f3dc3df;;Espèces;7875
22adae24-c277-4346-a2da-a3875edc8939;;Mobile Money;15250
19eeefae-1e52-4348-8969-f5db668d94ef;;Mobile Money;14550
8c74f5ab-e1b7-468d-a8a9-8f50ee812d68;;Mobile Money;600
3a48d9a4-d819-4639-851e-3ee5f6070489;;Espèces;3000
75bc8249-6ad5-45e1-8fa8-3321168b13db;;Espèces;3000
8f955cf2-c2f8-482b-bc81-fb324ca900c1;;Espèces;19500
26bd50a2-f304-4710-956f-22266362df9d;;Espèces;2900
66f89dbc-a2aa-48e5-b1f0-d55e3e32d6f3;;Espèces;100
1cec7c91-62e3-41d8-8dc9-ab1e8c818de7;;Espèces;21750
df3edf1f-86fa-4b88-bae9-2a0a3173288f;;Espèces;3000
39b4c329-8984-45f9-a990-8a5684ea8a34;;Espèces;1800
58e19762-a479-4986-bf8d-a71974119d74;;Espèces;9550
6189b07c-d2e2-4e1d-8628-a506ddf8beee;;Espèces;4500
63441694-51d0-4105-84da-df88578b8edb;;Espèces;600
46e9f620-afbe-4e94-9bd8-b2b60390eb99;;Espèces;36450
8165c197-36bc-41cd-8a81-cb0375da8837;;Espèces;300
ce4fec8b-50d2-4890-bd48-d05d106ce15c;;Espèces;3875
90feec6a-9628-43e5-9cd7-c1f0955a3196;;Espèces;900
c85be54a-2110-48be-b09d-05b80676c9ca;;Espèces;2000
5639e0ae-6e78-45ad-b8a0-48280bb55aa0;;Espèces;8550
9e590573-30f3-42a5-8525-294bf3cef118;;Espèces;1000
8667c00c-06e1-4560-a45c-6dbc2ce9c938;;Espèces;40550
1e3fdaed-3f5b-45fa-8a55-59e307d6f00f;;Espèces;33700
4807abf2-c74c-458f-a576-ec659b3f7a34;;Espèces;50
945f26f5-82f8-401d-8638-d358c89f5b42;;Espèces;200
a4da6e7b-1c92-4578-89c0-234e40c57484;;Espèces;41900
51b83c01-b57c-46ce-849d-76f33b45b809;;Espèces;15000
3083a9bc-9d42-42b6-887a-f409a2a15422;;Espèces;2500
8dbc1cdb-f467-4601-a80b-f96443304c0d;;Espèces;15550
a0264166-c286-469f-98cf-db9af184f736;;Espèces;200
7701818b-6776-4480-b3d4-b437329ef60f;;Espèces;1900
39eaacc6-cd86-4f1d-9721-605a82d11bb4;;Mobile Money;1900
8261ec5c-4fd3-42b0-a840-88ab65ff6f0a;;Espèces;3500
41174a9b-fb74-4a02-b54a-76c502686fa6;;Mobile Money;2000
70b2a54e-5a26-43d3-bd57-7940fe93aed6;;Espèces;8500
d14a463d-5ab6-435c-bda4-6edac72dd474;;Espèces;500
2cb9c454-d653-4625-8cab-28c4e06ce61a;;Espèces;6000
c80b6c30-a31d-4125-9fea-cb14b45037fb;;Espèces;7300
d051a395-3969-4d11-8987-55987de4eb04;;Espèces;10950
cd2724c4-1482-439a-8f18-cd523e7a15ea;;Espèces;300
62f1289b-1a4f-44fd-b5dd-1fb668585fe8;;Mobile Money;19550
11ba5c3a-4acd-41e5-9e51-aeaa5b3d6034;;Mobile Money;600
e7c9b9d2-dacb-487f-b248-a37ede87ef86;;Espèces;3975
03b87e57-3b8f-411a-b0b7-5d425009a121;;Espèces;1500
7b146dc1-b553-43f8-ae35-3c1a07a948f2;;Espèces;2500
e7468620-3f59-4266-99d5-52300ea4c9b6;;Espèces;26900
73b23f84-dd88-4fdb-bfa1-4524e3cdcfdc;;Espèces;14150
37ec37a7-a608-4779-9f17-8650718737a4;;Espèces;3000
6fb65e3c-01e1-4e01-aefc-abd2d7d00fa1;;Espèces;500
6da6effc-14a1-4ab6-9f75-667c8a3ffe5e;;Mobile Money;1500
3e348f93-7833-4f01-acb0-9a781577fbb8;;Mobile Money;2000
787469b1-feb1-4129-bc02-1c3cb2cea9a1;;Espèces;2500
67e55760-d9ce-42f5-8874-300b032db3a9;;Espèces;12700
88b95a24-2aa1-47ce-9b71-14d750afda64;;Espèces;100
8eb65974-1847-4f85-a806-b5535b461b93;;Espèces;500
9184fc5a-1034-4725-a99f-9525de686624;;Espèces;3000
fbd7e63b-0cfa-4187-8787-ad9f5fad4385;;Espèces;7800
8ca96ae2-cc12-4ed9-ab51-d22273dee38a;;Espèces;500
3c461aba-82f3-405f-b804-643b2af6a7f3;;Espèces;500
ca5425c7-08a2-4731-990c-a4f41637ae27;;Espèces;3200
db6f892f-41b1-4f0f-ba37-2a6883ccd0e6;;Espèces;500
9d4091e5-997d-45cb-b1db-f98094b958ea;;Espèces;7900
ee3de7ee-58c9-4d83-bb70-c810ae92a79b;;Mobile Money;6500
d1ce6c49-4f9c-4303-80ba-72d0d69000cf;;Espèces;3000
f087af4c-3a25-4f2d-964b-a76538641c2a;;Mobile Money;12400
c84c0e7b-c943-47ea-a6d9-98eb8ca6ea0a;;Espèces;1700
e606904f-c3ae-4664-b554-0bef863330d0;;Espèces;300
f80d8fb8-bfe1-4a92-876d-ae1e82b73fe6;;Espèces;1000
4f56ef7d-4a07-495a-b8a6-c4a9dfbd1892;;Espèces;100
5b0e26c3-6920-4175-ab5b-793d28e60d77;;Espèces;4700
102cdd4f-aadd-4083-a502-28c6600a56cc;;Espèces;100
c7aafa24-af44-4d2a-80d0-99ff09e29778;;Espèces;8100
4905c24b-6733-4982-beed-e316bd39b890;;Mobile Money;5500
4105b20b-817b-469e-ba15-0933944cac52;;Espèces;6000
8ef79dc5-de36-428d-9aa3-2032632213fa;;Espèces;3000
daded3c5-accb-485c-ab81-89c09c7d4c07;;Espèces;7700
017aaf59-2246-4068-be9b-9a7fdee46337;;Espèces;5100
7c812f7c-47c2-4345-8895-e8a47c989234;;Espèces;11400
8c886ea0-40f0-473c-a33a-3f1ef9cd31ea;;Espèces;11300
af630cc7-fdda-4690-8f4b-bab8a7ce756e;;Espèces;6575
d8982b50-1739-4c4a-ac6b-db4fca178f99;;Espèces;13850
b6da5ffd-87c9-4805-87a4-a314f97bfa34;;Espèces;5400
9f45878d-bc99-4bfb-9acb-dbd0b14dbc83;;Espèces;1700
9bf7f219-b4d8-4a0b-ace4-fe65fe3811da;;Espèces;3600
281ab008-08c2-48d8-b7b0-7b185f95b456;;Espèces;12800
056713ef-e1e6-45cd-8420-401ddca218e5;;Espèces;2000
e557d379-1a4d-4c1c-9f5f-eafcc711642d;;Espèces;9650
685b51b8-6e41-4832-b464-ddc4ee07c6b8;;Espèces;17500
f9d18e95-94ab-469d-80d1-c389d3e9f689;;Espèces;1500
2bd0978e-eb83-4dad-b73e-f7f47d8bdaa2;;Espèces;6000
2bd0978e-eb83-4dad-b73e-f7f47d8bdaa2;;Mobile Money;50
7d99e2ec-8c48-4e8d-aea8-5843c4c96669;;Espèces;10050
da4d698f-2a2d-456f-b000-6991f2253b54;;Espèces;10100
d9e18f48-0265-4b22-bb81-52d001d8d336;;Espèces;400
4675e242-79a7-4517-bede-1d0b895c9d79;;Espèces;3500
e3ee881c-edef-4e12-8569-9dc102314f6e;;Espèces;2500
756ce211-8306-4a4b-b453-6052ba539617;;Espèces;4100
029a9a85-42fb-4ba3-96a9-073091cf55b9;;Espèces;10200
cc3d7307-1208-4ad7-b76b-edb23ccdc1fe;;Espèces;11425
f03b14e0-c8c0-4531-958c-87dc854cee51;;Espèces;3000
273bfcd2-738c-4caf-bdfb-da692d02ee7b;;Espèces;800
67e929e0-0a58-4af9-bc55-2d4948de8dc5;;Espèces;2300
3b7a4a28-4e51-4e5e-a5c1-f7d3035d3f00;;Espèces;200
99862f8e-e827-4ff2-a8f9-7a4247be2bf3;;Espèces;300
c1d401a2-3690-40bc-ae51-31ed2c15f475;;Espèces;19700
776de9de-aa1f-4aa8-8c38-4acac35bf226;;Espèces;6000
103a78a4-bc6b-4bc4-9867-8112c7e036e2;;Mobile Money;1000
b10a8ad1-b3d2-4be5-90be-1301c69a5bad;;Espèces;500
5e0c6a2d-eedb-47a5-b61d-9a530715f0ee;;Espèces;15100
3273937c-b523-47cc-a97c-443f791b2978;;Espèces;9850
92744aef-8163-4fca-a918-81ce0e028f5e;;Espèces;200
fb0ce8cd-0aee-4d98-b4c3-261fe8a0f597;;Espèces;1500
e8107097-50cb-45e0-84df-f9b475acd366;;Espèces;3000
57fbe7d3-e03a-4019-ba1f-21ddf9568e1e;;Espèces;3000
0e80a450-ade9-45e5-b7a8-f454caea52e8;;Mobile Money;9650
196fd6d4-907d-43d6-a821-53caa4496203;;Mobile Money;6500
aba11197-a96e-4585-b93e-745dbb551615;;Mobile Money;500
cd9f71a7-4f89-4bd7-8825-2da4c099d414;;Espèces;6300
abb7effb-c937-43af-b43d-06ad37dc4dc5;;Espèces;600
65cfa734-555c-4237-8db7-06be61f0cc28;;Mobile Money;2200
4c488581-bdfa-454b-85c2-918aac390a15;;Mobile Money;10300
0bb0f759-4704-475a-a517-7bcbbec64947;;Mobile Money;1000
9054e6d9-f9ab-4679-aba6-621ef83f10da;;Mobile Money;500
a876b22d-f9a4-4387-a740-c19ddf70d390;;Espèces;10375
fe16be99-9353-439a-8ab4-91a066047fbf;;Espèces;6000
78370dc8-75fc-4fbe-9807-26ce6b2e468c;;Espèces;600
bef57683-49ef-4d70-b4cc-42ef6ad3696e;;Espèces;2900
8d67467f-1b67-446b-b70d-7e8b23f9013b;;Espèces;2300
eb34fe4f-c858-416e-89f2-f11b6449e6c9;;Espèces;1100
35680eed-aba4-431f-8342-c0f332c82797;;Espèces;3500
12c13d9d-e2b6-4028-805e-b67d2d32bfe6;;Mobile Money;2000
a3b09063-76f4-4750-b25f-913c298d0747;;Mobile Money;9000
5f11bbe6-cf57-415a-90ad-c0e421db3f95;;Espèces;3000
23f6776b-c95a-4b9f-b61a-667b03206307;;Espèces;500
5475d10c-ce15-4354-b593-ff2e7d52f5b9;;Espèces;2000
7d3b08d3-3980-4716-8e4a-a7a9d28c14d6;;Espèces;1000
97bf26ea-5db9-49cb-bd74-c8db4f94ac1b;;Espèces;300
bdb6d341-346e-46a5-82b0-37be5367985b;;Mobile Money;4375
4a7b00ec-59ed-482e-b71a-f6482c753ae6;;Espèces;2200
ba5d9c61-56e1-4639-a166-ba82e3cf5e84;;Espèces;1800
77d642ca-4e98-47d2-a1f0-5cd8fc186f8a;;Mobile Money;1700
1982aaa1-4224-4d3e-909c-4cf105955200;;Mobile Money;2200
1f5d3d84-09e6-472f-a5e6-f5b3d05820b6;;Mobile Money;15000
084980c0-564f-4a3e-8209-46bb9a5c8050;;Mobile Money;1975
bd0d772c-8c17-459c-b307-23d09fbd3fa9;;Mobile Money;3000
34fdc4ed-8dd0-405d-872a-12c48b92b13e;;Espèces;3500
3804d43b-d008-4fdc-99e9-56266d8fd345;;Espèces;2000
f5a1d706-6428-4e3f-9d2d-dd68ccb9cffd;;Espèces;12450
5937b989-af45-4e64-b439-cb5b022e4b24;;Mobile Money;4450
8de30f26-594e-4eda-a917-c84d2962e2ce;;Mobile Money;15500
20d4ec08-cc1a-41fc-9766-4e522fb8ffe5;;Mobile Money;3700
673d166f-e13e-4102-b773-9721d15cca32;;Mobile Money;1100
a2321810-b24f-42e2-a2ac-1be4cbc4f7cd;;Mobile Money;6600
d2a75a01-f6f0-42a7-b866-58f970c88842;;Espèces;16100
bc266e7b-ce13-465a-beee-cfe043b5dd45;;Espèces;2000
97d9a5bd-668c-4cbc-a222-a6d08ed806bd;;Espèces;3000
a1adea68-2440-48fd-a32a-046b8d8a379d;;Espèces;4200
c3eb73ee-b83f-460c-87e0-0a7a1b0a8862;;Espèces;17775
9649390d-459e-4ff3-a0b3-e93fefa0c69f;;Espèces;1400
ffd0d9d5-64ee-4911-a02b-b558bb269d7e;;Espèces;2200
dd9b5aff-fb6b-4261-9ee9-1b3cc8cbdd81;;Espèces;10000
dd9b5aff-fb6b-4261-9ee9-1b3cc8cbdd81;;Mobile Money;5775
572d67f7-c5b2-4fd1-81db-78f0b66684fb;;Espèces;10150
78e59e35-aeec-46ae-bfa2-e02fe9283afe;;Espèces;10000
3566472c-7c29-42cc-b4ac-dd0d8a098945;;Espèces;10000
a8566043-6ec2-45a8-800e-3f4fbcfadd76;;Espèces;23000
ce41640d-6125-4940-9e02-d5a1c5dcb062;;Espèces;7000
0bd959fa-4d5c-4463-b049-05fc1b8f8ec8;;Espèces;100
4125c18e-9b1f-4b7e-8a86-99d5dd1b2373;;Mobile Money;9500
06bca8c2-a7f6-4def-9573-91b5923d2e13;;Espèces;1500
885b9386-2c83-44c0-bc0a-683a97e3b1bf;;Espèces;4200
9258110c-8344-45f8-9ceb-2b3c660ca78a;;Mobile Money;7000
83a9f7ce-89dc-4bcd-b0dd-8de3c5e9bc5d;;Mobile Money;3850
ed3ed018-f925-4e4c-b2b9-ec4939ac5d74;;Espèces;19000
a42b0d3a-2fc7-4d2d-bf74-44d6d8ec847c;;Espèces;1000
8c782940-add4-4989-9c13-5b091077542a;;Espèces;3000
9bffb0a5-2b0d-4fb7-b0ac-a09847c98cd8;;Espèces;11500
36846aad-4c4d-48a5-b617-98017267a1a5;;Mobile Money;500
3ac04253-15e9-464c-b625-2f257c6a2af8;;Espèces;600
b4c57882-f561-4421-9f16-2cc1db2dfb26;;Espèces;500
1e40720c-0182-4f51-857f-f1810b4c145c;;Espèces;3500
93686fc6-61fa-480f-9396-6469b87592a5;;Espèces;3000
50e628e9-1859-4fa7-9dbd-3567fd05130f;;Espèces;800
0876bc1d-37a4-454a-a8b6-225b5493f945;;Espèces;500
12d99120-8122-497e-98a5-71e477c6f76c;;Espèces;7200
3d6d2c84-7e70-4873-9d06-ffcd6d953661;;Espèces;1000
c4037b3b-f0ac-453b-9493-40fad960bff1;;Espèces;8000
3f41d6c6-44aa-4454-b04d-907649768e81;;Espèces;2200
02bb56a5-d6eb-4b98-a34b-f565163fc9f9;;Espèces;6000
1e4fcfdb-64b1-4b18-8b55-bb7c780a9ddb;;Espèces;5500
c0a92256-1a7e-459a-81d5-cc6def1e97d6;;Espèces;3000
1a440e0e-486d-4312-9183-5d1bd8da51cc;;Espèces;2300
67fe0f80-3ebc-4b75-9410-6e8be9957396;;Espèces;3900
2fa689d4-4dba-45d5-b5a5-c2c3592d5e6c;;Espèces;5900
711bf865-9e2a-4286-a34d-f1670f019d47;;Mobile Money;2000
84aa5cab-cc34-40b8-b370-73101ac95d71;;Mobile Money;3000
b5a49493-cf77-4d9a-8fff-8bb84d23de47;;Espèces;1800
e0a291f4-35bc-4141-8712-615c113df801;;Espèces;2500
9bdd1fa1-300b-4974-82be-62c482541b97;;Espèces;1500
b20bd4e6-0e02-4ab9-a843-bd390bd6f289;;Espèces;3000
81a3d5ff-fbfa-41ec-99e2-d3b2500b9597;;Espèces;5000
ad767840-3a1f-4a4c-9237-52cbcefc4984;;Espèces;2000
3cf8d095-3c48-4b4a-92f4-15781ecdd2a9;;Espèces;3500
296d799f-08dd-4da7-8189-465809102112;;Espèces;2500
c4835755-4a55-4556-9657-7c1fa4985218;;Mobile Money;4500
ac95cff0-1ca9-40d1-9a6c-ec22479fe5ae;;Mobile Money;3300
152eca96-1c4b-42c6-8bbb-29cbca80e8be;;Mobile Money;3300
e3851010-a91b-4f41-8930-4193e03ff195;;Espèces;49850
b8227a45-a47f-4e41-938b-19f3c5ae34cf;;Espèces;6000
6ba9cff2-47f2-4535-8e32-7ee8226d3d36;;Espèces;500
531d4f60-9a05-498b-b22e-4910139661ba;;Espèces;5100
970b43b3-8b17-4cd6-879c-0b26c4e4157c;;Espèces;5700
17006604-0652-48da-9929-cd80d39b0c80;;Espèces;2975
c477b666-da88-419b-9b72-d5b55a1fabac;;Mobile Money;2600
6b154533-4cbf-402f-91fe-fce278cc5dc2;;Mobile Money;2200
b0100e92-dafd-45ca-b403-2693c901c728;;Mobile Money;1000
c1bdf1ef-89e0-43f8-9ad2-beb70bff868e;;Espèces;10100
c52586e0-b647-40b9-a3e0-6f2ec5ae7515;;Espèces;3500
9fabe8ac-6990-4393-98b2-b82e98668544;;Espèces;500
92af9bf2-36ee-4413-ac9c-7c7f4fd8d9f2;;Espèces;200
3fe09676-1988-4d01-b09e-6aaf36b26237;;Espèces;15225
89e83282-3e12-47cf-b272-ae78f1456f40;;Espèces;400
927e84d6-0a96-4504-b6e8-c05ed22e461c;;Espèces;6000
9347dc99-6e1c-474f-aa21-86a06385ac6e;;Espèces;500
352b4086-6a5e-47c8-a4c4-012f97e72dd7;;Espèces;16055
a5806f89-54d3-4357-a577-5adc8991a03d;;Espèces;3000
29915eae-54c8-4baa-a784-1efc5b8d8ff3;;Espèces;1500
d23df538-2e5c-4f7b-9061-3ef6efd1d57c;;Espèces;22350
5bc4ce14-e274-4b26-ad12-74c3c7b07f84;;Espèces;500
cd64fb49-f771-4f86-8d20-31113ee56b87;;Mobile Money;200
cedecab8-fcf5-4692-aff2-e9a0ba6e51df;;Mobile Money;6500
7fce095e-f3c4-432f-a4c7-7b86dd226356;;Espèces;6500
1ba6840e-cebb-4d44-a67f-aadc6e364f96;;Espèces;1000
a5381d63-23b8-45ce-a467-abac302ea986;;Espèces;500
5258a396-a018-4f0f-93be-00c8d40d7290;;Espèces;200
17e493af-7c99-4731-8727-e901c429d104;;Espèces;2500
5d7f7a99-9486-494f-9266-acebd3b2db9b;;Espèces;300
ee3b995b-9724-4e99-8d70-62851da852a0;;Espèces;1975
bd98b1ea-5584-4f20-ab9d-1a33383e35e6;;Espèces;21000
1eb19e0c-7fe6-4243-9a75-aa28c301c7de;;Espèces;3500
ebc8d11f-0af5-460e-8a9d-a13fc3d9bff8;;Espèces;3600
a89c4e40-5b90-4bda-a203-e48a693f63f1;;Espèces;300
2c33df11-8627-4b7e-b1fd-ab5e0acab62f;;Espèces;25200
cd7ab3c4-5d50-4a33-8bd3-23173d1c8a75;;Espèces;12000
cd7ab3c4-5d50-4a33-8bd3-23173d1c8a75;;Mobile Money;300
677a6f2f-bed3-489e-b053-7a566a447d2a;;Espèces;9500
cd60683e-43af-4343-bab7-fb62e5a5640d;;Espèces;4500
9e067df0-3f66-45c4-a332-92ad69ed4f6d;;Espèces;5300
c032f2bf-56d9-4ac7-aeef-0845e309d6dd;;Espèces;3500
99b38d46-7e78-4f3d-b2fd-fb063bfcddbe;;Espèces;3000
99b38d46-7e78-4f3d-b2fd-fb063bfcddbe;;Mobile Money;200
ff4823e4-7551-4a5f-b5d5-8a23beea3003;;Espèces;3000
ff4823e4-7551-4a5f-b5d5-8a23beea3003;;Mobile Money;200
88e361ae-073e-4752-a6be-b84babe8fb45;;Espèces;16000
8bdadcc6-2adc-4479-b900-513c0b003ec6;;Espèces;2200
c975f77c-d044-439a-84a3-9936f656868f;;Espèces;1550
41f78cee-6208-43f2-8ba7-f9445af32750;;Espèces;3000
9566de7c-2ed8-429f-ae69-8deafdcda756;;Mobile Money;19000
77bf5ec9-7830-406d-9b98-735579d60e36;;Espèces;22500
dc5fec13-1cf3-424f-8efb-cac4b97888a9;;Espèces;3000
6ba22424-ca0e-4472-83e1-6526a3f1c1e0;;Espèces;3500
9aba4c68-166d-449b-916a-1127ec49e871;;Espèces;6500
3c10c6fd-5b33-4e26-ab57-779162e61184;;Espèces;100
5f03dfaf-e7a4-4873-9c5d-27f6d4e85bbf;;Espèces;100
ae375e0f-5052-42f0-99e3-5c2f391909d5;;Espèces;3500
8c4f3918-e934-4020-be39-4b6f7ce5e1d8;;Espèces;10000
449be32d-6221-426b-9c1e-28467e8aac6a;;Mobile Money;9800
d7f4978a-e24a-4d7f-b25b-5841cd5fbb25;;Espèces;4200
0b3207b7-339c-4db4-96a4-68c37b435763;;Espèces;5800
0b9a2dd7-4d69-413f-9fc5-3b1a8874c415;;Espèces;3000
b3fadca4-293f-41a4-a39d-6a34b563a8d7;;Espèces;12575
c90475f3-2a4f-4dfc-bbd2-0fad75a21074;;Espèces;3000
65c92fbb-5e08-4123-b8cc-8b1147465e55;;Espèces;2300
27f3f413-7833-4821-80a8-92fe9a4cb21c;;Mobile Money;8800
93195d98-e043-45de-9d86-1e5175458386;;Espèces;1100
fa122737-f0d5-4b13-9fd1-a34a20d9ef42;;Espèces;6500
2b05e74f-95b0-4c01-9e77-df50c85cb201;;Espèces;4000
b7fa12aa-6d4b-41d0-b88a-a0fcd7b6d2ac;;Mobile Money;1500
ee1a86c9-99c0-4b4f-bcfb-6363adfc4cc3;;Espèces;3000
b39aec52-ac46-410e-8dc2-93c1e49a44bb;;Espèces;3000
030b4b86-4980-4476-9a91-bba400106676;;Espèces;1600
38658cf6-d1c3-4c0c-9cf0-dce7f56ac926;;Espèces;2500
223ba92b-a714-4454-87ed-3275e72db8ed;;Mobile Money;200
c095cfaa-ec0c-4d2a-b243-feb26e204fa0;;Espèces;725
c095cfaa-ec0c-4d2a-b243-feb26e204fa0;;Mobile Money;6000
f2d847e6-f92d-47e4-99ae-f49b67794582;;Espèces;4300
63042795-df2f-4962-bcb0-64cf9e532284;;Espèces;3700
5a921c70-7206-43dc-ac72-1febc5e7722c;;Espèces;5000
74b1afcf-18df-4cd6-a946-d89b848d1858;;Espèces;500
30832a52-3906-4e1a-9884-c1efa035193d;;Espèces;50
f2472b13-b9b5-4d8c-9075-0fbf921746c2;;Mobile Money;500
1b214595-b8d9-4703-b7b8-84c238241100;;Mobile Money;4300
811d0d51-d917-460b-94cc-d403e2f614f5;;Espèces;2300
ff3863aa-c958-4580-a2fa-3349504b0452;;Espèces;28300
bdc59524-59e3-47c2-83ac-29f83fca975b;;Espèces;9000
e7fcbbcb-cde2-4452-bd4d-0067a36ec26b;;Mobile Money;6300
c6e2516b-d26c-40ce-89a8-a8d8bd403c58;;Espèces;200
991877f4-2dc1-430b-bf50-ce1ebdfce894;;Espèces;100
7658e41b-4ddd-4278-a92b-e3551307ffa1;;Espèces;4350
76b3365e-4022-419e-95ef-343eaec85798;;Espèces;4375
91322373-520a-47f7-b0e9-7bd2344b3e45;;Mobile Money;10000
8eef42ee-5a73-411b-b900-dc42698ea7b9;;Espèces;7200
3b990e1d-357f-4a5a-a10c-8a9bda493c9b;;Espèces;3000
55dd9643-2b1f-4191-a48a-4252ba950504;;Mobile Money;15850
8caae952-26cc-4a80-b9aa-d62e3431be1f;;Espèces;48650
247e0403-cad6-4cbb-a589-4ef2ce44973e;;Espèces;19600
aa203116-4e97-4a62-a754-a3bccba305e8;;Espèces;19500
ab94cbee-b39b-4fff-971b-4461dd8f5d7a;;Espèces;600
b5b69a96-b86b-4680-991b-b3f8121da9fc;;Mobile Money;41800
6cab9021-3e8b-445a-82d6-c921338fddf7;;Mobile Money;3000
f3b2455e-f3da-41ed-89a0-9202f33453dd;;Espèces;45300
f4164c24-1365-4508-8b2b-08bd2669b86a;;Espèces;16500
e74407ee-1319-4307-aa94-380eb03c82c0;;Mobile Money;4350
feaa8047-f7ec-46f3-be50-9a565b19a4db;;Espèces;14500
677a8f6d-9c52-44db-bd40-de2ca6fa42e6;;Espèces;2800
a32b4ed5-2add-4a78-902a-464f124fe3a1;;Espèces;500
6b3192d1-1912-4381-8661-182937f058fe;;Mobile Money;7500
af4833eb-b784-4cbd-baa5-3e729db27a03;;Espèces;7500
3f4bd769-d153-4019-8fea-2d89d31672d7;;Espèces;1500
26f926cc-fd93-43a8-b700-0ee25170d8e0;;Espèces;25350
3d3287e7-2503-4600-b547-28d260aa2325;;Mobile Money;5900
72a508ec-76c5-43bc-83a6-f797cfdcbc3f;;Espèces;1000
72a508ec-76c5-43bc-83a6-f797cfdcbc3f;;Mobile Money;2500
459fe9d7-e7fc-44cd-9f7c-02e91e93d261;;Espèces;300
6ad7448b-1a25-4360-9553-249ff450547a;;Espèces;1900
8d8b22fe-0b0b-4ed7-a2bb-01f9f39265a7;;Espèces;1500
f64f543e-dfc1-4425-aeb5-e084434e3894;;Espèces;500
8264c5e8-d3e5-4ce0-94fb-346abc72aacb;;Espèces;200
14d6ebe0-cf25-45cd-8b53-67b1a6c7f671;;Espèces;4000
bed0221f-6bb6-417e-9272-9b40f3137298;;Espèces;3000
e60e7eed-2f17-48b6-8ca2-5bb381dae817;;Espèces;100
fea3135b-43da-478b-b8c1-7d978a27e878;;Espèces;12000
54af2947-c52a-4d32-af8e-0157d234dff1;;Espèces;6000
b1f13a71-eff3-42f7-a3da-b84afb15bc81;;Espèces;1000
b1f13a71-eff3-42f7-a3da-b84afb15bc81;;Mobile Money;100
495fe754-2e7d-42f5-9477-086ede17876b;;Mobile Money;1875
c9fb9492-dc99-4066-9eda-1a634145fdbb;;Mobile Money;550
099914fc-d537-4d87-9c03-26aacbae6167;;Mobile Money;12500
d6be2d5d-ab35-4039-84c8-45960986599b;;Espèces;6000
9863c5ed-3ee0-47ec-855d-581ca6c6b53e;;Espèces;6100
555b0be9-69cd-424b-8c42-8cfff34d0aa1;;Mobile Money;15500
1dc5f656-2d00-4097-8751-f1c8830f0992;;Mobile Money;2800
cb28ff4d-42f9-4f1b-86fc-319e715abfd1;;Espèces;300
add87f75-bd22-4094-8557-bd28b95f5c56;;Mobile Money;18900
175068a0-e8a0-4292-b9c8-2b4ae803732c;;Mobile Money;2000
a2208628-f254-4321-8fca-53311011a234;;Espèces;2075
690f0945-5c6a-4734-ac9c-873229878fe2;;Espèces;2000
27ff8f93-495d-40fa-b87a-18055f9cc592;;Espèces;1500
cfc82759-ca01-4f76-9563-8fcdce595a39;;Espèces;300
b6630402-2fd7-4641-9d91-389c901d1a37;;Espèces;500
425bbbf1-58b0-401b-8df2-f7ddde0c5a8a;;Espèces;4600
53e104b9-3cd5-4de6-965a-0f5eda73be6a;;Espèces;2000
e364d867-b42e-452d-96e2-03de87745301;;Espèces;3000
9f7ca903-3b4c-4962-a828-952709158a08;;Espèces;3700
b897ec97-eceb-4c44-8537-683bad6d5004;;Espèces;3000
f9ff70d9-2c5d-40ca-972c-e8409beb53bb;;Espèces;300
9a5e644b-7413-417c-ab11-14270f0bcd3a;;Espèces;1500
f0b73476-9445-4ac3-a396-9359061aba5e;;Espèces;1875
a0f9285a-c00e-48ed-aa66-4782999e851e;;Espèces;9000
6f8ef54a-c733-4efd-b5e0-568c84221898;;Mobile Money;1500
340bdcca-5944-424d-83bf-3db5304f4018;;Espèces;600
54cf1231-d5a3-4c78-88f5-2e5685484c7b;;Mobile Money;3500
a69b3153-a30f-49be-82c9-c0260e1d5d1f;;Espèces;100
b7eae6bd-a6c2-4f9a-b481-cf2cc76557dc;;Espèces;9000
0a11e46c-52f3-44b3-8309-036cc5479475;;Espèces;3500
64fc4989-ca08-4994-9ded-a426a8c66b3f;;Mobile Money;200
87a966ab-0dcd-4e6a-9c8c-1399db10467c;;Espèces;14750
866e4026-d808-4da1-bf07-0bc80f1bc436;;Espèces;13575
f5f016d4-9173-495c-b96b-b40f290f80f0;;Espèces;100
f5f016d4-9173-495c-b96b-b40f290f80f0;;Mobile Money;200
765df9a2-ea14-4814-b226-2d952ade7a09;;Mobile Money;3375
3292aa42-f644-42a8-9462-87fc9e5a6ce1;;Mobile Money;2000
dc76c52a-ea94-428c-8012-2269c820bab8;;Espèces;2500
c28d4aed-d585-4ec1-a430-b5a018755f99;;Espèces;1300
71c88a35-8058-497f-b7ef-d12c7f18fcd4;;Espèces;3000
3b0514dc-ee6d-4291-a1fb-9dfe1e1943ef;;Mobile Money;700
1704cb75-37aa-47a4-98cb-52095cd4cddb;;Espèces;3000
d8b054c0-9603-4ca8-8204-113273ef03be;;Espèces;500
76e4ceef-50d0-4286-89c8-d03c0051d862;;Espèces;2300
c9115837-752f-43f2-aa96-b5bb1cde08d4;;Espèces;3000
71b6d310-e1e5-4bd5-b076-faae0e268703;;Espèces;9500
0ae87192-c3ba-4ef5-8392-83c5ab705e8f;;Espèces;1500
0456bddf-bbfc-44bb-a05f-fb13fe206c40;;Espèces;200
f72db4bd-6663-4511-bfa2-1e80bf6466a1;;Espèces;5850
8a1414cf-3903-444b-bf47-c8d7801a74c9;;Mobile Money;9450
6c524a70-16a0-4fa0-b81d-984026519ad8;;Espèces;3300
c044ecfe-cb53-4fba-ae49-5f631b9ea884;;Mobile Money;4000
b181a0cf-700c-429b-bb84-7168d338701a;;Espèces;200
c62fcb9c-1a7a-439c-b3f5-fa7be5b43ad6;;Espèces;5500
bc905be6-7875-4bc7-8035-27a07b4969a9;;Espèces;3000
ad65c6dc-812c-4c21-8771-c615884d9850;;Espèces;4500
b51ab515-4683-47af-8f05-67ea1cd4f246;;Mobile Money;1700
ed90e0b7-577c-462e-8a91-11745b03a4f7;;Espèces;60800
c2fab581-96b2-4d83-8707-f2c75049f023;;Espèces;900
827de592-b12b-4763-9028-77362214489f;;Espèces;3500
dd900c89-a87a-457e-b6bf-22127c5ace6f;;Espèces;7000
f37c3571-9f9c-47ce-913b-2c98b62e29fe;;Espèces;3500
8d6078af-9438-46ac-a619-48fedfcdfc6d;;Espèces;7000
2d968a80-3051-453f-8eaa-33ee758ded62;;Espèces;4500
c2ecf43c-026d-40ea-8599-49e0b5f1ac16;;Espèces;9000
131b55af-5ca0-4328-93d6-2617880b4bc5;;Mobile Money;6000
67d69ae2-3cb0-456e-bf48-16def544645d;;Espèces;9000
f28c4565-58a7-4dde-8d21-def9f20cec49;;Espèces;6000
cb90fe3d-d145-44be-bdeb-ffefac63761b;;Espèces;4250
ca803f83-9794-4dbf-aa52-8e0cdb20cb9e;;Espèces;7000
cde7d4c7-b361-4a49-a2a2-4f67613325a6;;Espèces;7000
f13f8a63-e0fb-4bab-98f7-8ce8f881a382;;Espèces;6000
db352ba4-82a9-4432-ba5b-a3d50cb6538e;;Mobile Money;1800
e2468c36-d143-48cf-921b-b81cc4270774;;Espèces;4000
639438f4-a1dc-426c-8a69-2b84c75c7e8d;;Espèces;3500
1665ec46-fc40-4ac0-be99-3fbf66401f49;;Espèces;300
a5abd9d0-9bf4-44d8-bdb1-acf5c6eaa238;;Espèces;400
a42f6aa3-3a01-4630-a8dc-5f7f70b6c452;;Espèces;1100
07d03cc9-faae-4017-b758-4285ff29fd9f;;Espèces;5725
95b46f1e-0cd5-450e-8acf-20b04a900bc1;;Espèces;200
765977c5-7568-476c-b32c-1451bad9cf14;;Espèces;6500
b04d0873-f533-40d5-b6dd-903295d78f57;;Espèces;4000
1a9401c8-4b9b-42d3-8dde-dc08418d2b72;;Espèces;300
bcfed35c-a79c-4f3d-8ee4-1fa47189033c;;Espèces;4500
eb13401f-dc02-4623-9782-b35fd203d655;;Espèces;300
f623d275-42bd-4641-9152-889f149f5667;;Mobile Money;6500
0a55c490-522c-4abd-8153-955718de153a;;Espèces;1975
ea98666a-119c-4df1-a6a4-eb9c3bd50f4c;;Mobile Money;6500
da2b1045-6121-43e5-be6f-94677fc6cbab;;Espèces;4000
0e041dfe-784a-4b21-af91-70aec0c73785;;Espèces;6000
b6e2fda2-eeb8-4901-b865-72e2def7fd51;;Espèces;3000
4f79269f-c020-4ac9-b5de-07992801987d;;Espèces;3500
35d75951-c11f-42ae-96ec-ff6d177f6def;;Espèces;3000
6b84d959-c702-43f0-af24-0dd47f1b76c7;;Espèces;4000
54681826-ae0a-466f-b038-1d376daf0187;;Mobile Money;4500
b2d09029-900d-42d4-a794-dfe7541da5c8;;Mobile Money;2000
3ccbd873-d1f4-406c-840e-835b9d3ff095;;Espèces;4940
4d83cf1e-ed3c-4dc6-9b64-55d5f341d243;;Espèces;3300
adc8ecc2-ac94-42d7-aef3-14c9daf91501;;Espèces;2000
3c19bcdd-4183-48de-9eec-108729d0f6d1;;Espèces;11925
ffd79d24-ec8b-42ed-a33f-7e7cd4c1d0fa;;Espèces;7100
390b061e-acc6-4de6-9cf9-a60f63faf146;;Espèces;7500
9a28797a-325a-4a00-ba53-1de332230b34;;Espèces;8200
9835218f-1354-4ab8-8386-ef16cfe9784c;;Espèces;2500
e4b087f4-d646-4f0e-87ae-c6e809c3098a;;Espèces;1875
57899f38-2b79-4694-8729-fa911366ed28;;Espèces;100
6cfa92b6-bdb4-4f3a-ab24-6445c4be111f;;Mobile Money;1500
d26530d4-a05d-4e26-a70f-df95fe1042bd;;Espèces;2000
80a1ea09-f079-4c75-8202-26f9d87338fe;;Espèces;3000
3ea06483-c79d-4602-bdb6-7d4b5bbcdcfd;;Espèces;3500
12320a64-bec8-44fc-a46e-a4e6870902c4;;Mobile Money;1975
84a72e2d-dbfa-4adf-b7ae-80e5d379e512;;Espèces;5000
9b0dacee-7de7-4bbf-a226-6489827196df;;Espèces;4200
17a65c4a-8eb6-437f-968c-12560bc0e4e1;;Espèces;1200
b32c74f9-0b29-45e7-89f4-9ff99c128f22;;Espèces;4200
54346556-82dc-4279-a95a-50be3c97352b;;Espèces;1200
32843eae-a4e9-4cd6-87a7-2f9a9095253b;;Espèces;900
c10ebf17-b93e-4103-a527-fa80b426d78a;;Espèces;1000
e0812971-ece7-433b-8923-9ca1e6122698;;Espèces;5000
186d8454-3a6c-4f98-bf13-07914af2c1f5;;Espèces;1200
da697bf6-ede3-46db-8267-5fd072c1fad5;;Espèces;10200
315f4fa3-e57e-4c9e-a154-06f90b93c0f6;;Espèces;7000
121f8737-fda8-44fb-90b4-d704a01cdfa5;;Espèces;5400
40615362-af67-4a90-9da3-30dcbc63412f;;Espèces;5400
fb95cac5-0f3d-48fb-8af6-19a6302a27b7;;Espèces;5500
f6391302-363b-4e0c-9564-a66cf9dfbdf2;;Espèces;5400
72a7528c-8f51-4e8c-ab9a-d64e8afe3c76;;Espèces;1000
d21f4fdb-0e32-44e8-813f-f7b7b34fe7a7;;Espèces;5000
49e019a8-b831-4120-965d-3d584cd88d4b;;Espèces;5000
54254803-5de7-4926-9c85-407d0149411e;;Espèces;4000
da0391ec-ff9b-46a4-99b9-c4608ca85f9a;;Espèces;2000
fbe2218d-5b64-41e5-bcf7-45d82e6a2417;;Espèces;2000
8e94c2ae-6242-405a-8fc8-d3efcf21c33b;;Espèces;7000
8ba5764c-dd06-48f8-adf7-8aee85de3b2e;;Espèces;2000
a330f58a-3186-4b52-9881-17569f2bd8eb;;Espèces;9000
ef804efa-ba78-40a6-9979-5652556ee0b0;;Mobile Money;6500
e367d5a2-2868-45ce-af3a-9c00ab5427e7;;Espèces;2000
61645841-791f-431a-b301-2ac7d9518251;;Espèces;12190
340450da-0bef-48fb-accc-fa7e2989f0ed;;Espèces;28900
e36eca91-e473-488f-b6a7-059373ac5194;;Espèces;3000
e70aadc4-a6e0-4448-a7bf-d87617334ac7;;Espèces;3000
ebc12c5a-1439-48f7-bb2a-f63fc7c712bb;;Mobile Money;3500
83c0a240-e285-490e-b611-112c07f94b8a;;Espèces;7400
e4987d7f-2e0f-4ffe-a8f6-3c64068346c7;;Espèces;4500
7f2b57a0-cade-4f84-9984-11f365c78562;;Espèces;3300
2cccb190-9bb2-44c4-aca8-522b5ab714fb;;Espèces;2500
c5a84e26-b339-4377-8379-301f321918b8;;Espèces;500
3eb9e3a5-e488-422e-bb8e-20e0f6127d24;;Espèces;2500
a6c8222f-20c6-4b3f-abbf-6b6fd584c0cb;;Espèces;5500
8b8ce601-8d4f-410e-9cb0-4cdc32423072;;Espèces;900
fdfee23b-e07f-49ec-87d3-e6c0e665c231;;Espèces;2500
e2a74d06-3390-4296-bffc-e8960bb9318f;;Espèces;7000
8a1143a4-c528-480a-987a-0e3587012e43;;Espèces;13500
d45f8e15-c861-4b09-a7da-0d637cb69e87;;Mobile Money;81700
d544821c-032c-4e6c-b50e-68796f207769;;Espèces;3500
b21c5d39-7ae8-4e91-a371-598acfbc871a;;Espèces;3500
3e113b7e-3ad3-4152-a5f4-72f76da2ede4;;Espèces;200
3cca0611-b073-475f-b5f9-4f00f85e0330;;Espèces;500
289e37c6-97cf-4056-9055-4468c5bd346a;;Mobile Money;2500
3165986a-8ad0-4c9a-909e-c6116c95f50b;;Mobile Money;4600
e622c5b5-7144-42ab-b8ec-fb01b1bb115a;;Espèces;500
2d6d7d7c-4017-4e05-a0f7-7cc8ad9e8cd0;;Espèces;300
9bcc37e6-ac4e-49c8-b99d-4397dae6baf6;;Espèces;300
7e2f673c-bf6b-4fac-8fe5-4bf8ca96efb5;;Mobile Money;1000
ea391d32-eb1d-4a10-8abb-c08c85fd1682;;Espèces;2000
9b21662f-dac6-4075-93d3-58b50a7a5b5f;;Espèces;5500
91dad3c8-1415-4fd0-87d6-0092cfbdc73e;;Espèces;10100
02e34ab1-cf1e-42da-a028-93f349f22b12;;Espèces;1800
a90f748a-eaa6-4972-8946-83fd20e46a7b;;Espèces;1800
0482541e-190b-4383-87f0-9166f5d4c126;;Espèces;13400
fde9283c-cf2c-4b39-906f-2ea57672c123;;Espèces;5500
6936a42e-8f01-440b-ac91-225fb8969f75;;Espèces;1700
a4ec5939-3f63-4afd-9ee5-bf89097a8a21;;Espèces;500
82966fdb-1b1e-4888-b763-03cd4f22696a;;Espèces;2500
a6cdf9f5-cc2c-48f9-9598-80ca8e46f857;;Espèces;2500
b28a3c1d-1668-488f-9857-7202923df928;;Espèces;11500
5a7bbd92-06bf-43c2-935d-08dbfd7dde57;;Mobile Money;300
b2193d30-65e0-4e20-b82b-5dcea688e864;;Espèces;9200
f975e478-b5f8-44f1-9103-855936ea0266;;Espèces;3500
4af7246d-058b-4fc5-b517-5a6eb66e7714;;Espèces;4950
96494d78-c937-43dd-a0b1-32b4a3241008;;Espèces;3000
3dc15e23-1675-40aa-b839-96515b76f538;;Espèces;4500
3dc15e23-1675-40aa-b839-96515b76f538;;Mobile Money;7000
3a16fa07-1fc5-45ca-b883-ea740df1ede6;;Espèces;500
42754597-6c98-4ab4-9526-6964ac355420;;Espèces;4600
07229c7b-9f24-465b-8e10-0b6de1715ba9;;Espèces;19350
09c7c460-e0a3-45f5-89c4-bce2622eb28a;;Mobile Money;1600
94d02d1e-4666-4224-8599-b325c5494000;;Espèces;100
34d1b80b-8850-4e27-a508-0530fc02f46e;;Mobile Money;3500
d082fb9b-2d20-48b6-bdea-3e8747ba3265;;Espèces;500
aedf5f1b-d3c6-4d09-a518-e00de1ab711b;;Espèces;4000
791814c4-19a7-4393-be5a-069a397d9666;;Espèces;200
26fa1304-6e49-41cd-b880-c8935f070e5d;;Espèces;4000
6acbc75f-1082-4517-b852-d56c1b5769f0;;Espèces;500
e3f1834c-17c2-42d3-af28-368f01f9f2dc;;Espèces;3500
a26c66d3-1383-4da8-a5e5-1a425ff553c7;;Espèces;4000
913ce65d-1411-4e9f-b7c4-c62f229696ba;;Mobile Money;4000
3bcd83b6-3292-4e85-939f-1ca36e998773;;Espèces;2000
61ed6953-6a33-4e64-8717-e931d483573c;;Espèces;2500
a22c91c8-e01a-4a41-9c63-fb4df166ec55;;Mobile Money;38475
62c14bfe-5f37-459e-b54e-7b1cfb7feaf0;;Espèces;700
da2b369d-17f9-4c21-a4f7-405bd4b5cdf6;;Mobile Money;3990
15f4250f-5c2d-4f66-8193-f244ebc8b0dd;;Mobile Money;13800
709df65c-7601-457b-b381-012cdcd0cb74;;Espèces;1650
f2dfa0e7-d521-4eb5-89aa-b650a1554cd3;;Espèces;7000
be9223bd-e94c-4a38-a279-22efe5189590;;Espèces;3500
31d2c5c2-ff1b-4950-9c0c-f590351ae54a;;Espèces;9500